Id,Title,Site Report Type,District,Subject,Author,Date Visited,Location,Placetype,x,y,Summary,Link,Image Large,Image Small
1,Orientation of CUAMM nutrition TAs at UNICEF Moroto Zonal Office,Site Visit,Moroto,Basic nutrition,Esther Wamono,14/10/2013,Orientation of CUAMM nutrition TAs at UNICEF Moroto Zonal Office,Office,29.6369,-0.8856861,"Lorem ipsum dolor sit amet, consectetur adipiscing elit. Quisque varius tellus id mi dapibus vehicula vitae quis elit. Sed porttitor dolor consectetur elit egestas mollis. Curabitur non ante porttitor, pharetra metus eu, blandit neque. Curabitur eget rutrum sapien. Vestibulum blandit massa quis turpis laoreet, et ornare justo ornare. Etiam aliquet faucibus neque at ornare. Quisque vestibulum, erat in scelerisque ornare, ipsum quam elementum felis, sed congue elit urna sit amet mauris. Sed porta volutpat dui vitae accumsan. Nullam id dignissim orci. Duis interdum elit eu massa facilisis nullam. ",http://www.devtrac.ug/node/9433,http://www.devtrac.ug/sites/default/files/styles/gallery/adaptive-image/public/filefield/60/1937/img_1042.jpg?itok=kgEkNcPA,http://www.devtrac.ug/sites/default/files/styles/user_comment_img/adaptive-image/public/filefield/60/1937/img_1042.jpg?itok=gZvbQxS3
2,Site Visit at Ligiligi Catholic Church ,Site Visit,Agago,,Richard Kica,12/10/13,Ligiligi Catholic Church,Place of Worship,29.701326,-0.748536,"Lorem ipsum dolor sit amet, consectetur adipiscing elit. Quisque varius tellus id mi dapibus vehicula vitae quis elit. Sed porttitor dolor consectetur elit egestas mollis. Curabitur non ante porttitor, pharetra metus eu, blandit neque. Curabitur eget rutrum sapien. Vestibulum blandit massa quis turpis laoreet, et ornare justo ornare. Etiam aliquet faucibus neque at ornare. Quisque vestibulum, erat in scelerisque ornare, ipsum quam elementum felis, sed congue elit urna sit amet mauris. Sed porta volutpat dui vitae accumsan. Nullam id dignissim orci. Duis interdum elit eu massa facilisis nullam. ",http://www.devtrac.ug/node/9433,http://www.devtrac.ug/sites/default/files/styles/gallery/adaptive-image/public/filefield/60/1937/img_1042.jpg?itok=kgEkNcPA,http://www.devtrac.ug/sites/default/files/styles/user_comment_img/adaptive-image/public/filefield/60/1937/img_1042.jpg?itok=gZvbQxS3
3,Site Visit at Omugenya-Odela P/S ,Site Visit,Soroti,,Irene Nabisere,10/10/13,Omugenya-Odela P/S ,Office,29.701737,-0.748351,"Lorem ipsum dolor sit amet, consectetur adipiscing elit. Quisque varius tellus id mi dapibus vehicula vitae quis elit. Sed porttitor dolor consectetur elit egestas mollis. Curabitur non ante porttitor, pharetra metus eu, blandit neque. Curabitur eget rutrum sapien. Vestibulum blandit massa quis turpis laoreet, et ornare justo ornare. Etiam aliquet faucibus neque at ornare. Quisque vestibulum, erat in scelerisque ornare, ipsum quam elementum felis, sed congue elit urna sit amet mauris. Sed porta volutpat dui vitae accumsan. Nullam id dignissim orci. Duis interdum elit eu massa facilisis nullam. ",http://www.devtrac.ug/node/9433,http://www.devtrac.ug/sites/default/files/styles/gallery/adaptive-image/public/filefield/60/1937/img_1042.jpg?itok=kgEkNcPA,http://www.devtrac.ug/sites/default/files/styles/user_comment_img/adaptive-image/public/filefield/60/1937/img_1042.jpg?itok=gZvbQxS3
4,Site Visit at Kululu POW ,Site Visit,Yumbe,,Juliet Alyek Ochero,10/10/13,Kululu POW ,Office,29.775352,-0.897789,"Lorem ipsum dolor sit amet, consectetur adipiscing elit. Quisque varius tellus id mi dapibus vehicula vitae quis elit. Sed porttitor dolor consectetur elit egestas mollis. Curabitur non ante porttitor, pharetra metus eu, blandit neque. Curabitur eget rutrum sapien. Vestibulum blandit massa quis turpis laoreet, et ornare justo ornare. Etiam aliquet faucibus neque at ornare. Quisque vestibulum, erat in scelerisque ornare, ipsum quam elementum felis, sed congue elit urna sit amet mauris. Sed porta volutpat dui vitae accumsan. Nullam id dignissim orci. Duis interdum elit eu massa facilisis nullam. ",http://www.devtrac.ug/node/9433,http://www.devtrac.ug/sites/default/files/styles/gallery/adaptive-image/public/filefield/60/1937/img_1042.jpg?itok=kgEkNcPA,http://www.devtrac.ug/sites/default/files/styles/user_comment_img/adaptive-image/public/filefield/60/1937/img_1042.jpg?itok=gZvbQxS3
5,Site Visit at Koka  ,Site Visit,Yumbe,,Juliet Alyek Ochero,10/10/13,Koka  ,School,29.776204,-0.895382,"Lorem ipsum dolor sit amet, consectetur adipiscing elit. Quisque varius tellus id mi dapibus vehicula vitae quis elit. Sed porttitor dolor consectetur elit egestas mollis. Curabitur non ante porttitor, pharetra metus eu, blandit neque. Curabitur eget rutrum sapien. Vestibulum blandit massa quis turpis laoreet, et ornare justo ornare. Etiam aliquet faucibus neque at ornare. Quisque vestibulum, erat in scelerisque ornare, ipsum quam elementum felis, sed congue elit urna sit amet mauris. Sed porta volutpat dui vitae accumsan. Nullam id dignissim orci. Duis interdum elit eu massa facilisis nullam. ",http://www.devtrac.ug/node/9433,http://www.devtrac.ug/sites/default/files/styles/gallery/adaptive-image/public/filefield/60/1937/img_1042.jpg?itok=kgEkNcPA,http://www.devtrac.ug/sites/default/files/styles/user_comment_img/adaptive-image/public/filefield/60/1937/img_1042.jpg?itok=gZvbQxS3
6,Site Visit at Limika ,Site Visit,Yumbe,,Juliet Alyek Ochero,10/10/13,Limika ,Water Point,29.9935579,-1.2597695,"Lorem ipsum dolor sit amet, consectetur adipiscing elit. Quisque varius tellus id mi dapibus vehicula vitae quis elit. Sed porttitor dolor consectetur elit egestas mollis. Curabitur non ante porttitor, pharetra metus eu, blandit neque. Curabitur eget rutrum sapien. Vestibulum blandit massa quis turpis laoreet, et ornare justo ornare. Etiam aliquet faucibus neque at ornare. Quisque vestibulum, erat in scelerisque ornare, ipsum quam elementum felis, sed congue elit urna sit amet mauris. Sed porta volutpat dui vitae accumsan. Nullam id dignissim orci. Duis interdum elit eu massa facilisis nullam. ",http://www.devtrac.ug/node/9433,http://www.devtrac.ug/sites/default/files/styles/gallery/adaptive-image/public/filefield/60/1937/img_1042.jpg?itok=kgEkNcPA,http://www.devtrac.ug/sites/default/files/styles/user_comment_img/adaptive-image/public/filefield/60/1937/img_1042.jpg?itok=gZvbQxS3
7,Site Visit at Mbaru Catholic Church ,Site Visit,Arua,,Juliet Alyek Ochero,10/10/13,Mbaru Catholic Church ,Place of Worship,30.6620728,-0.6054366,"Lorem ipsum dolor sit amet, consectetur adipiscing elit. Quisque varius tellus id mi dapibus vehicula vitae quis elit. Sed porttitor dolor consectetur elit egestas mollis. Curabitur non ante porttitor, pharetra metus eu, blandit neque. Curabitur eget rutrum sapien. Vestibulum blandit massa quis turpis laoreet, et ornare justo ornare. Etiam aliquet faucibus neque at ornare. Quisque vestibulum, erat in scelerisque ornare, ipsum quam elementum felis, sed congue elit urna sit amet mauris. Sed porta volutpat dui vitae accumsan. Nullam id dignissim orci. Duis interdum elit eu massa facilisis nullam. ",http://www.devtrac.ug/node/9433,http://www.devtrac.ug/sites/default/files/styles/gallery/adaptive-image/public/filefield/60/1937/img_1042.jpg?itok=kgEkNcPA,http://www.devtrac.ug/sites/default/files/styles/user_comment_img/adaptive-image/public/filefield/60/1937/img_1042.jpg?itok=gZvbQxS3
8,Site Visit at Pelele Catholic Church ,Site Visit,Arua,,Juliet Alyek Ochero,10/10/13,Pelele Catholic Church ,Place of Worship,30.6630477,-0.6021889,"Lorem ipsum dolor sit amet, consectetur adipiscing elit. Quisque varius tellus id mi dapibus vehicula vitae quis elit. Sed porttitor dolor consectetur elit egestas mollis. Curabitur non ante porttitor, pharetra metus eu, blandit neque. Curabitur eget rutrum sapien. Vestibulum blandit massa quis turpis laoreet, et ornare justo ornare. Etiam aliquet faucibus neque at ornare. Quisque vestibulum, erat in scelerisque ornare, ipsum quam elementum felis, sed congue elit urna sit amet mauris. Sed porta volutpat dui vitae accumsan. Nullam id dignissim orci. Duis interdum elit eu massa facilisis nullam. ",http://www.devtrac.ug/node/9433,http://www.devtrac.ug/sites/default/files/styles/gallery/adaptive-image/public/filefield/60/1937/img_1042.jpg?itok=kgEkNcPA,http://www.devtrac.ug/sites/default/files/styles/user_comment_img/adaptive-image/public/filefield/60/1937/img_1042.jpg?itok=gZvbQxS3
9,Site Visit at Kochi HC III ,Site Visit,Yumbe,,Samuel Sekiwere,8/10/13,Kochi HC III ,Health Centre III,31.350984,1.4306906,"Lorem ipsum dolor sit amet, consectetur adipiscing elit. Quisque varius tellus id mi dapibus vehicula vitae quis elit. Sed porttitor dolor consectetur elit egestas mollis. Curabitur non ante porttitor, pharetra metus eu, blandit neque. Curabitur eget rutrum sapien. Vestibulum blandit massa quis turpis laoreet, et ornare justo ornare. Etiam aliquet faucibus neque at ornare. Quisque vestibulum, erat in scelerisque ornare, ipsum quam elementum felis, sed congue elit urna sit amet mauris. Sed porta volutpat dui vitae accumsan. Nullam id dignissim orci. Duis interdum elit eu massa facilisis nullam. ",http://www.devtrac.ug/node/9433,http://www.devtrac.ug/sites/default/files/styles/gallery/adaptive-image/public/filefield/60/1937/img_1042.jpg?itok=kgEkNcPA,http://www.devtrac.ug/sites/default/files/styles/user_comment_img/adaptive-image/public/filefield/60/1937/img_1042.jpg?itok=gZvbQxS3
10,Site Visit at Lokpe HC II ,Site Visit,Yumbe,,Samuel Sekiwere,8/10/13,Lokpe HC II ,Health Centre II,31.3519169,1.4312165,"Lorem ipsum dolor sit amet, consectetur adipiscing elit. Quisque varius tellus id mi dapibus vehicula vitae quis elit. Sed porttitor dolor consectetur elit egestas mollis. Curabitur non ante porttitor, pharetra metus eu, blandit neque. Curabitur eget rutrum sapien. Vestibulum blandit massa quis turpis laoreet, et ornare justo ornare. Etiam aliquet faucibus neque at ornare. Quisque vestibulum, erat in scelerisque ornare, ipsum quam elementum felis, sed congue elit urna sit amet mauris. Sed porta volutpat dui vitae accumsan. Nullam id dignissim orci. Duis interdum elit eu massa facilisis nullam. ",http://www.devtrac.ug/node/9433,http://www.devtrac.ug/sites/default/files/styles/gallery/adaptive-image/public/filefield/60/1937/img_1042.jpg?itok=kgEkNcPA,http://www.devtrac.ug/sites/default/files/styles/user_comment_img/adaptive-image/public/filefield/60/1937/img_1042.jpg?itok=gZvbQxS3
11,Follow up of partners on nutrition activities,Site Visit,Moroto,Basic nutrition,Esther Wamono,8/10/13,Follow up of partners on nutrition activities,Office,31.353762,1.4303675,"Lorem ipsum dolor sit amet, consectetur adipiscing elit. Quisque varius tellus id mi dapibus vehicula vitae quis elit. Sed porttitor dolor consectetur elit egestas mollis. Curabitur non ante porttitor, pharetra metus eu, blandit neque. Curabitur eget rutrum sapien. Vestibulum blandit massa quis turpis laoreet, et ornare justo ornare. Etiam aliquet faucibus neque at ornare. Quisque vestibulum, erat in scelerisque ornare, ipsum quam elementum felis, sed congue elit urna sit amet mauris. Sed porta volutpat dui vitae accumsan. Nullam id dignissim orci. Duis interdum elit eu massa facilisis nullam. ",http://www.devtrac.ug/node/9433,http://www.devtrac.ug/sites/default/files/styles/gallery/adaptive-image/public/filefield/60/1937/img_1042.jpg?itok=kgEkNcPA,http://www.devtrac.ug/sites/default/files/styles/user_comment_img/adaptive-image/public/filefield/60/1937/img_1042.jpg?itok=gZvbQxS3
12,Site Visit at Arua DLG HQ (training o fhealth workers on PMTCT-Option B+) ,Site Visit,Arua,STD control including HIV/AIDS,Jacob Opiyo,7/10/13,Arua DLG HQ (training o fhealth workers on PMTCT-Option B+) ,Hospital,31.3537882,1.4298064,"Lorem ipsum dolor sit amet, consectetur adipiscing elit. Quisque varius tellus id mi dapibus vehicula vitae quis elit. Sed porttitor dolor consectetur elit egestas mollis. Curabitur non ante porttitor, pharetra metus eu, blandit neque. Curabitur eget rutrum sapien. Vestibulum blandit massa quis turpis laoreet, et ornare justo ornare. Etiam aliquet faucibus neque at ornare. Quisque vestibulum, erat in scelerisque ornare, ipsum quam elementum felis, sed congue elit urna sit amet mauris. Sed porta volutpat dui vitae accumsan. Nullam id dignissim orci. Duis interdum elit eu massa facilisis nullam. ",http://www.devtrac.ug/node/9433,http://www.devtrac.ug/sites/default/files/styles/gallery/adaptive-image/public/filefield/60/1937/img_1042.jpg?itok=kgEkNcPA,http://www.devtrac.ug/sites/default/files/styles/user_comment_img/adaptive-image/public/filefield/60/1937/img_1042.jpg?itok=gZvbQxS3
13,Site Visit at Kabalinga Sub county ,Site Visit,Mubende,"Basic nutrition, Infectious disease control",David Matseketse,7/10/13,Kabalinga Sub county ,Office,31.6870665,2.2771645,"Lorem ipsum dolor sit amet, consectetur adipiscing elit. Quisque varius tellus id mi dapibus vehicula vitae quis elit. Sed porttitor dolor consectetur elit egestas mollis. Curabitur non ante porttitor, pharetra metus eu, blandit neque. Curabitur eget rutrum sapien. Vestibulum blandit massa quis turpis laoreet, et ornare justo ornare. Etiam aliquet faucibus neque at ornare. Quisque vestibulum, erat in scelerisque ornare, ipsum quam elementum felis, sed congue elit urna sit amet mauris. Sed porta volutpat dui vitae accumsan. Nullam id dignissim orci. Duis interdum elit eu massa facilisis nullam. ",http://www.devtrac.ug/node/9433,http://www.devtrac.ug/sites/default/files/styles/gallery/adaptive-image/public/filefield/60/1937/img_1042.jpg?itok=kgEkNcPA,http://www.devtrac.ug/sites/default/files/styles/user_comment_img/adaptive-image/public/filefield/60/1937/img_1042.jpg?itok=gZvbQxS3
14,"Site Visit at Kotido DLG (DWO, DPO, DHO & CAO's Offices) ",Site Visit,Kotido,Basic nutrition,Esther Wamono,7/10/13,"Kotido DLG (DWO, DPO, DHO & CAO's Offices) ",Office,31.810354,-1.3236461,"Lorem ipsum dolor sit amet, consectetur adipiscing elit. Quisque varius tellus id mi dapibus vehicula vitae quis elit. Sed porttitor dolor consectetur elit egestas mollis. Curabitur non ante porttitor, pharetra metus eu, blandit neque. Curabitur eget rutrum sapien. Vestibulum blandit massa quis turpis laoreet, et ornare justo ornare. Etiam aliquet faucibus neque at ornare. Quisque vestibulum, erat in scelerisque ornare, ipsum quam elementum felis, sed congue elit urna sit amet mauris. Sed porta volutpat dui vitae accumsan. Nullam id dignissim orci. Duis interdum elit eu massa facilisis nullam. ",http://www.devtrac.ug/node/9433,http://www.devtrac.ug/sites/default/files/styles/gallery/adaptive-image/public/filefield/60/1937/img_1042.jpg?itok=kgEkNcPA,http://www.devtrac.ug/sites/default/files/styles/user_comment_img/adaptive-image/public/filefield/60/1937/img_1042.jpg?itok=gZvbQxS3
15,Site Visit at Amyel Catholic Church ,Site Visit,Agago,,Richard Kica,6/10/13,Amyel Catholic Church ,Place of Worship,32.2637529,-0.3257389,"Lorem ipsum dolor sit amet, consectetur adipiscing elit. Quisque varius tellus id mi dapibus vehicula vitae quis elit. Sed porttitor dolor consectetur elit egestas mollis. Curabitur non ante porttitor, pharetra metus eu, blandit neque. Curabitur eget rutrum sapien. Vestibulum blandit massa quis turpis laoreet, et ornare justo ornare. Etiam aliquet faucibus neque at ornare. Quisque vestibulum, erat in scelerisque ornare, ipsum quam elementum felis, sed congue elit urna sit amet mauris. Sed porta volutpat dui vitae accumsan. Nullam id dignissim orci. Duis interdum elit eu massa facilisis nullam. ",http://www.devtrac.ug/node/9433,http://www.devtrac.ug/sites/default/files/styles/gallery/adaptive-image/public/filefield/60/1937/img_1042.jpg?itok=kgEkNcPA,http://www.devtrac.ug/sites/default/files/styles/user_comment_img/adaptive-image/public/filefield/60/1937/img_1042.jpg?itok=gZvbQxS3
16,"Site Visit at Arivu Church, Arivu Sub County (FHDs Monitoring) ",Site Visit,Arua,Infectious disease control,Jacob Opiyo,6/10/13,"Arivu Church, Arivu Sub County (FHDs Monitoring) ",Place of Worship,32.2859009,-0.3231325,"Lorem ipsum dolor sit amet, consectetur adipiscing elit. Quisque varius tellus id mi dapibus vehicula vitae quis elit. Sed porttitor dolor consectetur elit egestas mollis. Curabitur non ante porttitor, pharetra metus eu, blandit neque. Curabitur eget rutrum sapien. Vestibulum blandit massa quis turpis laoreet, et ornare justo ornare. Etiam aliquet faucibus neque at ornare. Quisque vestibulum, erat in scelerisque ornare, ipsum quam elementum felis, sed congue elit urna sit amet mauris. Sed porta volutpat dui vitae accumsan. Nullam id dignissim orci. Duis interdum elit eu massa facilisis nullam. ",http://www.devtrac.ug/node/9433,http://www.devtrac.ug/sites/default/files/styles/gallery/adaptive-image/public/filefield/60/1937/img_1042.jpg?itok=kgEkNcPA,http://www.devtrac.ug/sites/default/files/styles/user_comment_img/adaptive-image/public/filefield/60/1937/img_1042.jpg?itok=gZvbQxS3
17,"Site Visit at Endreku Church, Logiri Sub County (FHDs Monitoring) ",Site Visit,Arua,Infectious disease control,Jacob Opiyo,6/10/13,"Endreku Church, Logiri Sub County (FHDs Monitoring) ",Place of Worship,32.44350352,0.0454605,"Lorem ipsum dolor sit amet, consectetur adipiscing elit. Quisque varius tellus id mi dapibus vehicula vitae quis elit. Sed porttitor dolor consectetur elit egestas mollis. Curabitur non ante porttitor, pharetra metus eu, blandit neque. Curabitur eget rutrum sapien. Vestibulum blandit massa quis turpis laoreet, et ornare justo ornare. Etiam aliquet faucibus neque at ornare. Quisque vestibulum, erat in scelerisque ornare, ipsum quam elementum felis, sed congue elit urna sit amet mauris. Sed porta volutpat dui vitae accumsan. Nullam id dignissim orci. Duis interdum elit eu massa facilisis nullam. ",http://www.devtrac.ug/node/9433,http://www.devtrac.ug/sites/default/files/styles/gallery/adaptive-image/public/filefield/60/1937/img_1042.jpg?itok=kgEkNcPA,http://www.devtrac.ug/sites/default/files/styles/user_comment_img/adaptive-image/public/filefield/60/1937/img_1042.jpg?itok=gZvbQxS3
18,Site Visit at Tekworo Church of UGanda ,Site Visit,Agago,,Richard Kica,6/10/13,Tekworo Church of UGanda ,Place of Worship,32.4436264,0.04471255,"Lorem ipsum dolor sit amet, consectetur adipiscing elit. Quisque varius tellus id mi dapibus vehicula vitae quis elit. Sed porttitor dolor consectetur elit egestas mollis. Curabitur non ante porttitor, pharetra metus eu, blandit neque. Curabitur eget rutrum sapien. Vestibulum blandit massa quis turpis laoreet, et ornare justo ornare. Etiam aliquet faucibus neque at ornare. Quisque vestibulum, erat in scelerisque ornare, ipsum quam elementum felis, sed congue elit urna sit amet mauris. Sed porta volutpat dui vitae accumsan. Nullam id dignissim orci. Duis interdum elit eu massa facilisis nullam. ",http://www.devtrac.ug/node/9433,http://www.devtrac.ug/sites/default/files/styles/gallery/adaptive-image/public/filefield/60/1937/img_1042.jpg?itok=kgEkNcPA,http://www.devtrac.ug/sites/default/files/styles/user_comment_img/adaptive-image/public/filefield/60/1937/img_1042.jpg?itok=gZvbQxS3
19,"Site Visit at Ayelembe Church, Vurra Sub County (FHDs Monitoring) ",Site Visit,Arua,Infectious disease control,Jacob Opiyo,6/10/13,"Ayelembe Church, Vurra Sub County (FHDs Monitoring) ",Place of Worship,32.44435185,0.0459966,"Lorem ipsum dolor sit amet, consectetur adipiscing elit. Quisque varius tellus id mi dapibus vehicula vitae quis elit. Sed porttitor dolor consectetur elit egestas mollis. Curabitur non ante porttitor, pharetra metus eu, blandit neque. Curabitur eget rutrum sapien. Vestibulum blandit massa quis turpis laoreet, et ornare justo ornare. Etiam aliquet faucibus neque at ornare. Quisque vestibulum, erat in scelerisque ornare, ipsum quam elementum felis, sed congue elit urna sit amet mauris. Sed porta volutpat dui vitae accumsan. Nullam id dignissim orci. Duis interdum elit eu massa facilisis nullam. ",http://www.devtrac.ug/node/9433,http://www.devtrac.ug/sites/default/files/styles/gallery/adaptive-image/public/filefield/60/1937/img_1042.jpg?itok=kgEkNcPA,http://www.devtrac.ug/sites/default/files/styles/user_comment_img/adaptive-image/public/filefield/60/1937/img_1042.jpg?itok=gZvbQxS3
20,Site Visit at St. Peter Church of Uganda - Adilang ,Site Visit,Agago,,Richard Kica,6/10/13,St. Peter Church of Uganda - Adilang ,Place of Worship,32.44462295,0.0440629,"Lorem ipsum dolor sit amet, consectetur adipiscing elit. Quisque varius tellus id mi dapibus vehicula vitae quis elit. Sed porttitor dolor consectetur elit egestas mollis. Curabitur non ante porttitor, pharetra metus eu, blandit neque. Curabitur eget rutrum sapien. Vestibulum blandit massa quis turpis laoreet, et ornare justo ornare. Etiam aliquet faucibus neque at ornare. Quisque vestibulum, erat in scelerisque ornare, ipsum quam elementum felis, sed congue elit urna sit amet mauris. Sed porta volutpat dui vitae accumsan. Nullam id dignissim orci. Duis interdum elit eu massa facilisis nullam. ",http://www.devtrac.ug/node/9433,http://www.devtrac.ug/sites/default/files/styles/gallery/adaptive-image/public/filefield/60/1937/img_1042.jpg?itok=kgEkNcPA,http://www.devtrac.ug/sites/default/files/styles/user_comment_img/adaptive-image/public/filefield/60/1937/img_1042.jpg?itok=gZvbQxS3
21,Site Visit at Adilang Chapel ,Site Visit,Agago,,Richard Kica,6/10/13,Adilang Chapel ,Place of Worship,32.4488756,0.0410628,"Lorem ipsum dolor sit amet, consectetur adipiscing elit. Quisque varius tellus id mi dapibus vehicula vitae quis elit. Sed porttitor dolor consectetur elit egestas mollis. Curabitur non ante porttitor, pharetra metus eu, blandit neque. Curabitur eget rutrum sapien. Vestibulum blandit massa quis turpis laoreet, et ornare justo ornare. Etiam aliquet faucibus neque at ornare. Quisque vestibulum, erat in scelerisque ornare, ipsum quam elementum felis, sed congue elit urna sit amet mauris. Sed porta volutpat dui vitae accumsan. Nullam id dignissim orci. Duis interdum elit eu massa facilisis nullam. ",http://www.devtrac.ug/node/9433,http://www.devtrac.ug/sites/default/files/styles/gallery/adaptive-image/public/filefield/60/1937/img_1042.jpg?itok=kgEkNcPA,http://www.devtrac.ug/sites/default/files/styles/user_comment_img/adaptive-image/public/filefield/60/1937/img_1042.jpg?itok=gZvbQxS3
22,Site Visit at Pader District HQs ,Site Visit,Pader,,Richard Kica,6/10/13,Pader District HQs ,Office,32.4598703,0.0413541,"Lorem ipsum dolor sit amet, consectetur adipiscing elit. Quisque varius tellus id mi dapibus vehicula vitae quis elit. Sed porttitor dolor consectetur elit egestas mollis. Curabitur non ante porttitor, pharetra metus eu, blandit neque. Curabitur eget rutrum sapien. Vestibulum blandit massa quis turpis laoreet, et ornare justo ornare. Etiam aliquet faucibus neque at ornare. Quisque vestibulum, erat in scelerisque ornare, ipsum quam elementum felis, sed congue elit urna sit amet mauris. Sed porta volutpat dui vitae accumsan. Nullam id dignissim orci. Duis interdum elit eu massa facilisis nullam. ",http://www.devtrac.ug/node/9433,http://www.devtrac.ug/sites/default/files/styles/gallery/adaptive-image/public/filefield/60/1937/img_1042.jpg?itok=kgEkNcPA,http://www.devtrac.ug/sites/default/files/styles/user_comment_img/adaptive-image/public/filefield/60/1937/img_1042.jpg?itok=gZvbQxS3
23,Site Visit at Ligiligi Catholic Church ,Site Visit,Agago,,Richard Kica,6/10/13,Ligiligi Catholic Church ,Place of Worship,32.4609133,0.0538241,"Lorem ipsum dolor sit amet, consectetur adipiscing elit. Quisque varius tellus id mi dapibus vehicula vitae quis elit. Sed porttitor dolor consectetur elit egestas mollis. Curabitur non ante porttitor, pharetra metus eu, blandit neque. Curabitur eget rutrum sapien. Vestibulum blandit massa quis turpis laoreet, et ornare justo ornare. Etiam aliquet faucibus neque at ornare. Quisque vestibulum, erat in scelerisque ornare, ipsum quam elementum felis, sed congue elit urna sit amet mauris. Sed porta volutpat dui vitae accumsan. Nullam id dignissim orci. Duis interdum elit eu massa facilisis nullam. ",http://www.devtrac.ug/node/9433,http://www.devtrac.ug/sites/default/files/styles/gallery/adaptive-image/public/filefield/60/1937/img_1042.jpg?itok=kgEkNcPA,http://www.devtrac.ug/sites/default/files/styles/user_comment_img/adaptive-image/public/filefield/60/1937/img_1042.jpg?itok=gZvbQxS3
24,Site Visit at Kasenyi Catholic Church ,Site Visit,Mubende,"Basic nutrition, Infectious disease control",David Matseketse,6/10/13,Kasenyi Catholic Church ,Place of Worship,32.4617818,0.0546472,"Lorem ipsum dolor sit amet, consectetur adipiscing elit. Quisque varius tellus id mi dapibus vehicula vitae quis elit. Sed porttitor dolor consectetur elit egestas mollis. Curabitur non ante porttitor, pharetra metus eu, blandit neque. Curabitur eget rutrum sapien. Vestibulum blandit massa quis turpis laoreet, et ornare justo ornare. Etiam aliquet faucibus neque at ornare. Quisque vestibulum, erat in scelerisque ornare, ipsum quam elementum felis, sed congue elit urna sit amet mauris. Sed porta volutpat dui vitae accumsan. Nullam id dignissim orci. Duis interdum elit eu massa facilisis nullam. ",http://www.devtrac.ug/node/9433,http://www.devtrac.ug/sites/default/files/styles/gallery/adaptive-image/public/filefield/60/1937/img_1042.jpg?itok=kgEkNcPA,http://www.devtrac.ug/sites/default/files/styles/user_comment_img/adaptive-image/public/filefield/60/1937/img_1042.jpg?itok=gZvbQxS3
25,Site Visit at Kacwi COU,Site Visit,Mubende,"Basic nutrition, Infectious disease control, Human rights",David Matseketse,6/10/13,Kacwi COU,Place of Worship,32.4632689,0.0552759,"Lorem ipsum dolor sit amet, consectetur adipiscing elit. Quisque varius tellus id mi dapibus vehicula vitae quis elit. Sed porttitor dolor consectetur elit egestas mollis. Curabitur non ante porttitor, pharetra metus eu, blandit neque. Curabitur eget rutrum sapien. Vestibulum blandit massa quis turpis laoreet, et ornare justo ornare. Etiam aliquet faucibus neque at ornare. Quisque vestibulum, erat in scelerisque ornare, ipsum quam elementum felis, sed congue elit urna sit amet mauris. Sed porta volutpat dui vitae accumsan. Nullam id dignissim orci. Duis interdum elit eu massa facilisis nullam. ",http://www.devtrac.ug/node/9433,http://www.devtrac.ug/sites/default/files/styles/gallery/adaptive-image/public/filefield/60/1937/img_1042.jpg?itok=kgEkNcPA,http://www.devtrac.ug/sites/default/files/styles/user_comment_img/adaptive-image/public/filefield/60/1937/img_1042.jpg?itok=gZvbQxS3
26,Site Visit at Kalagi R/C,Site Visit,Mubende,Human rights,David Matseketse,6/10/13,Kalagi R/C,Place of Worship,32.4655115,0.0561727,"Lorem ipsum dolor sit amet, consectetur adipiscing elit. Quisque varius tellus id mi dapibus vehicula vitae quis elit. Sed porttitor dolor consectetur elit egestas mollis. Curabitur non ante porttitor, pharetra metus eu, blandit neque. Curabitur eget rutrum sapien. Vestibulum blandit massa quis turpis laoreet, et ornare justo ornare. Etiam aliquet faucibus neque at ornare. Quisque vestibulum, erat in scelerisque ornare, ipsum quam elementum felis, sed congue elit urna sit amet mauris. Sed porta volutpat dui vitae accumsan. Nullam id dignissim orci. Duis interdum elit eu massa facilisis nullam. ",http://www.devtrac.ug/node/9433,http://www.devtrac.ug/sites/default/files/styles/gallery/adaptive-image/public/filefield/60/1937/img_1042.jpg?itok=kgEkNcPA,http://www.devtrac.ug/sites/default/files/styles/user_comment_img/adaptive-image/public/filefield/60/1937/img_1042.jpg?itok=gZvbQxS3
27,Site Visit at St Thomas Kasenyi COU ,Site Visit,Mubende,"Basic nutrition, Infectious disease control",David Matseketse,6/10/13,St Thomas Kasenyi COU ,Primary School,32.4684095,0.055996,"Lorem ipsum dolor sit amet, consectetur adipiscing elit. Quisque varius tellus id mi dapibus vehicula vitae quis elit. Sed porttitor dolor consectetur elit egestas mollis. Curabitur non ante porttitor, pharetra metus eu, blandit neque. Curabitur eget rutrum sapien. Vestibulum blandit massa quis turpis laoreet, et ornare justo ornare. Etiam aliquet faucibus neque at ornare. Quisque vestibulum, erat in scelerisque ornare, ipsum quam elementum felis, sed congue elit urna sit amet mauris. Sed porta volutpat dui vitae accumsan. Nullam id dignissim orci. Duis interdum elit eu massa facilisis nullam. ",http://www.devtrac.ug/node/9433,http://www.devtrac.ug/sites/default/files/styles/gallery/adaptive-image/public/filefield/60/1937/img_1042.jpg?itok=kgEkNcPA,http://www.devtrac.ug/sites/default/files/styles/user_comment_img/adaptive-image/public/filefield/60/1937/img_1042.jpg?itok=gZvbQxS3
28,Site Visit at Kirungi combined (COU and Catholic Church) ,Site Visit,Mubende,"Basic nutrition, Infectious disease control",David Matseketse,6/10/13,Kirungi combined (COU and Catholic Church) ,Secondary School,32.4710707,0.0477594,"Lorem ipsum dolor sit amet, consectetur adipiscing elit. Quisque varius tellus id mi dapibus vehicula vitae quis elit. Sed porttitor dolor consectetur elit egestas mollis. Curabitur non ante porttitor, pharetra metus eu, blandit neque. Curabitur eget rutrum sapien. Vestibulum blandit massa quis turpis laoreet, et ornare justo ornare. Etiam aliquet faucibus neque at ornare. Quisque vestibulum, erat in scelerisque ornare, ipsum quam elementum felis, sed congue elit urna sit amet mauris. Sed porta volutpat dui vitae accumsan. Nullam id dignissim orci. Duis interdum elit eu massa facilisis nullam. ",http://www.devtrac.ug/node/9433,http://www.devtrac.ug/sites/default/files/styles/gallery/adaptive-image/public/filefield/60/1937/img_1042.jpg?itok=kgEkNcPA,http://www.devtrac.ug/sites/default/files/styles/user_comment_img/adaptive-image/public/filefield/60/1937/img_1042.jpg?itok=gZvbQxS3
29,Site Visit at Kaweri All saints CoU  ,Site Visit,Mubende,"Basic nutrition, Infectious disease control",David Matseketse,6/10/13,Kaweri All saints CoU  ,Secondary School,32.4719283,0.0566584,"Lorem ipsum dolor sit amet, consectetur adipiscing elit. Quisque varius tellus id mi dapibus vehicula vitae quis elit. Sed porttitor dolor consectetur elit egestas mollis. Curabitur non ante porttitor, pharetra metus eu, blandit neque. Curabitur eget rutrum sapien. Vestibulum blandit massa quis turpis laoreet, et ornare justo ornare. Etiam aliquet faucibus neque at ornare. Quisque vestibulum, erat in scelerisque ornare, ipsum quam elementum felis, sed congue elit urna sit amet mauris. Sed porta volutpat dui vitae accumsan. Nullam id dignissim orci. Duis interdum elit eu massa facilisis nullam. ",http://www.devtrac.ug/node/9433,http://www.devtrac.ug/sites/default/files/styles/gallery/adaptive-image/public/filefield/60/1937/img_1042.jpg?itok=kgEkNcPA,http://www.devtrac.ug/sites/default/files/styles/user_comment_img/adaptive-image/public/filefield/60/1937/img_1042.jpg?itok=gZvbQxS3
30,Site Visit at Kalagi Catholic Church ,Site Visit,Mubende,"Basic nutrition, Infectious disease control",David Matseketse,6/10/13,Kalagi Catholic Church ,Secondary School,32.471969,0.0571806,"Lorem ipsum dolor sit amet, consectetur adipiscing elit. Quisque varius tellus id mi dapibus vehicula vitae quis elit. Sed porttitor dolor consectetur elit egestas mollis. Curabitur non ante porttitor, pharetra metus eu, blandit neque. Curabitur eget rutrum sapien. Vestibulum blandit massa quis turpis laoreet, et ornare justo ornare. Etiam aliquet faucibus neque at ornare. Quisque vestibulum, erat in scelerisque ornare, ipsum quam elementum felis, sed congue elit urna sit amet mauris. Sed porta volutpat dui vitae accumsan. Nullam id dignissim orci. Duis interdum elit eu massa facilisis nullam. ",http://www.devtrac.ug/node/9433,http://www.devtrac.ug/sites/default/files/styles/gallery/adaptive-image/public/filefield/60/1937/img_1042.jpg?itok=kgEkNcPA,http://www.devtrac.ug/sites/default/files/styles/user_comment_img/adaptive-image/public/filefield/60/1937/img_1042.jpg?itok=gZvbQxS3
31,Site Visit at Kigoloba Catholic church ,Site Visit,Mubende,"Basic nutrition, Infectious disease control",David Matseketse,6/10/13,Kigoloba Catholic church ,Secondary School,32.4727829,0.0588466,"Lorem ipsum dolor sit amet, consectetur adipiscing elit. Quisque varius tellus id mi dapibus vehicula vitae quis elit. Sed porttitor dolor consectetur elit egestas mollis. Curabitur non ante porttitor, pharetra metus eu, blandit neque. Curabitur eget rutrum sapien. Vestibulum blandit massa quis turpis laoreet, et ornare justo ornare. Etiam aliquet faucibus neque at ornare. Quisque vestibulum, erat in scelerisque ornare, ipsum quam elementum felis, sed congue elit urna sit amet mauris. Sed porta volutpat dui vitae accumsan. Nullam id dignissim orci. Duis interdum elit eu massa facilisis nullam. ",http://www.devtrac.ug/node/9433,http://www.devtrac.ug/sites/default/files/styles/gallery/adaptive-image/public/filefield/60/1937/img_1042.jpg?itok=kgEkNcPA,http://www.devtrac.ug/sites/default/files/styles/user_comment_img/adaptive-image/public/filefield/60/1937/img_1042.jpg?itok=gZvbQxS3
32,Site Visit at Kacwi Church of Uganda  ,Site Visit,Mubende,"Basic nutrition, Infectious disease control",David Matseketse,6/10/13,Kacwi Church of Uganda  ,Secondary School,32.4735987,0.0659253,"Lorem ipsum dolor sit amet, consectetur adipiscing elit. Quisque varius tellus id mi dapibus vehicula vitae quis elit. Sed porttitor dolor consectetur elit egestas mollis. Curabitur non ante porttitor, pharetra metus eu, blandit neque. Curabitur eget rutrum sapien. Vestibulum blandit massa quis turpis laoreet, et ornare justo ornare. Etiam aliquet faucibus neque at ornare. Quisque vestibulum, erat in scelerisque ornare, ipsum quam elementum felis, sed congue elit urna sit amet mauris. Sed porta volutpat dui vitae accumsan. Nullam id dignissim orci. Duis interdum elit eu massa facilisis nullam. ",http://www.devtrac.ug/node/9433,http://www.devtrac.ug/sites/default/files/styles/gallery/adaptive-image/public/filefield/60/1937/img_1042.jpg?itok=kgEkNcPA,http://www.devtrac.ug/sites/default/files/styles/user_comment_img/adaptive-image/public/filefield/60/1937/img_1042.jpg?itok=gZvbQxS3
33,"Site Visit at Kerila Mosque, Apo Sub County (FHDs Monitoring) ",Site Visit,Yumbe,Infectious disease control,Jacob Opiyo,4/10/13,"Kerila Mosque, Apo Sub County (FHDs Monitoring) ",Primary School,32.4756131,0.0692418,"Lorem ipsum dolor sit amet, consectetur adipiscing elit. Quisque varius tellus id mi dapibus vehicula vitae quis elit. Sed porttitor dolor consectetur elit egestas mollis. Curabitur non ante porttitor, pharetra metus eu, blandit neque. Curabitur eget rutrum sapien. Vestibulum blandit massa quis turpis laoreet, et ornare justo ornare. Etiam aliquet faucibus neque at ornare. Quisque vestibulum, erat in scelerisque ornare, ipsum quam elementum felis, sed congue elit urna sit amet mauris. Sed porta volutpat dui vitae accumsan. Nullam id dignissim orci. Duis interdum elit eu massa facilisis nullam. ",http://www.devtrac.ug/node/9433,http://www.devtrac.ug/sites/default/files/styles/gallery/adaptive-image/public/filefield/60/1937/img_1042.jpg?itok=kgEkNcPA,http://www.devtrac.ug/sites/default/files/styles/user_comment_img/adaptive-image/public/filefield/60/1937/img_1042.jpg?itok=gZvbQxS3
34,"Site Visit at Annina Mosque, Apo Sub County (FHDs Monitoring) ",Site Visit,Yumbe,Infectious disease control,Jacob Opiyo,4/10/13,"Annina Mosque, Apo Sub County (FHDs Monitoring) ",Primary School,32.475918,0.069802,"Lorem ipsum dolor sit amet, consectetur adipiscing elit. Quisque varius tellus id mi dapibus vehicula vitae quis elit. Sed porttitor dolor consectetur elit egestas mollis. Curabitur non ante porttitor, pharetra metus eu, blandit neque. Curabitur eget rutrum sapien. Vestibulum blandit massa quis turpis laoreet, et ornare justo ornare. Etiam aliquet faucibus neque at ornare. Quisque vestibulum, erat in scelerisque ornare, ipsum quam elementum felis, sed congue elit urna sit amet mauris. Sed porta volutpat dui vitae accumsan. Nullam id dignissim orci. Duis interdum elit eu massa facilisis nullam. ",http://www.devtrac.ug/node/9433,http://www.devtrac.ug/sites/default/files/styles/gallery/adaptive-image/public/filefield/60/1937/img_1042.jpg?itok=kgEkNcPA,http://www.devtrac.ug/sites/default/files/styles/user_comment_img/adaptive-image/public/filefield/60/1937/img_1042.jpg?itok=gZvbQxS3
35,"Site Visit at Lukunene Mosque, Kuru Sub County (FHDs Monitoring) ",Site Visit,Yumbe,Infectious disease control,Jacob Opiyo,4/10/13,"Lukunene Mosque, Kuru Sub County (FHDs Monitoring) ",Primary School,32.4760911,0.0695468,"Lorem ipsum dolor sit amet, consectetur adipiscing elit. Quisque varius tellus id mi dapibus vehicula vitae quis elit. Sed porttitor dolor consectetur elit egestas mollis. Curabitur non ante porttitor, pharetra metus eu, blandit neque. Curabitur eget rutrum sapien. Vestibulum blandit massa quis turpis laoreet, et ornare justo ornare. Etiam aliquet faucibus neque at ornare. Quisque vestibulum, erat in scelerisque ornare, ipsum quam elementum felis, sed congue elit urna sit amet mauris. Sed porta volutpat dui vitae accumsan. Nullam id dignissim orci. Duis interdum elit eu massa facilisis nullam. ",http://www.devtrac.ug/node/9433,http://www.devtrac.ug/sites/default/files/styles/gallery/adaptive-image/public/filefield/60/1937/img_1042.jpg?itok=kgEkNcPA,http://www.devtrac.ug/sites/default/files/styles/user_comment_img/adaptive-image/public/filefield/60/1937/img_1042.jpg?itok=gZvbQxS3
36,Site Visit at Kikwandwa Mosque  ,Site Visit,Mubende,"Basic nutrition, Infectious disease control",David Matseketse,4/10/13,Kikwandwa Mosque  ,Primary School,32.4783183,0.074988,"Lorem ipsum dolor sit amet, consectetur adipiscing elit. Quisque varius tellus id mi dapibus vehicula vitae quis elit. Sed porttitor dolor consectetur elit egestas mollis. Curabitur non ante porttitor, pharetra metus eu, blandit neque. Curabitur eget rutrum sapien. Vestibulum blandit massa quis turpis laoreet, et ornare justo ornare. Etiam aliquet faucibus neque at ornare. Quisque vestibulum, erat in scelerisque ornare, ipsum quam elementum felis, sed congue elit urna sit amet mauris. Sed porta volutpat dui vitae accumsan. Nullam id dignissim orci. Duis interdum elit eu massa facilisis nullam. ",http://www.devtrac.ug/node/9433,http://www.devtrac.ug/sites/default/files/styles/gallery/adaptive-image/public/filefield/60/1937/img_1042.jpg?itok=kgEkNcPA,http://www.devtrac.ug/sites/default/files/styles/user_comment_img/adaptive-image/public/filefield/60/1937/img_1042.jpg?itok=gZvbQxS3
37,Site Visit at Kabulubutu Mosque ,Site Visit,Mubende,"Basic nutrition, Infectious disease control",David Matseketse,4/10/13,Kabulubutu Mosque ,Primary School,32.4796222,0.0777492,"Lorem ipsum dolor sit amet, consectetur adipiscing elit. Quisque varius tellus id mi dapibus vehicula vitae quis elit. Sed porttitor dolor consectetur elit egestas mollis. Curabitur non ante porttitor, pharetra metus eu, blandit neque. Curabitur eget rutrum sapien. Vestibulum blandit massa quis turpis laoreet, et ornare justo ornare. Etiam aliquet faucibus neque at ornare. Quisque vestibulum, erat in scelerisque ornare, ipsum quam elementum felis, sed congue elit urna sit amet mauris. Sed porta volutpat dui vitae accumsan. Nullam id dignissim orci. Duis interdum elit eu massa facilisis nullam. ",http://www.devtrac.ug/node/9433,http://www.devtrac.ug/sites/default/files/styles/gallery/adaptive-image/public/filefield/60/1937/img_1042.jpg?itok=kgEkNcPA,http://www.devtrac.ug/sites/default/files/styles/user_comment_img/adaptive-image/public/filefield/60/1937/img_1042.jpg?itok=gZvbQxS3
38,Kikandwa Mosque,Site Visit,Mubende,"Basic nutrition, Infectious disease control",David Matseketse,4/10/13,Kikandwa Mosque,Primary School,32.4965195,0.0916371,"Lorem ipsum dolor sit amet, consectetur adipiscing elit. Quisque varius tellus id mi dapibus vehicula vitae quis elit. Sed porttitor dolor consectetur elit egestas mollis. Curabitur non ante porttitor, pharetra metus eu, blandit neque. Curabitur eget rutrum sapien. Vestibulum blandit massa quis turpis laoreet, et ornare justo ornare. Etiam aliquet faucibus neque at ornare. Quisque vestibulum, erat in scelerisque ornare, ipsum quam elementum felis, sed congue elit urna sit amet mauris. Sed porta volutpat dui vitae accumsan. Nullam id dignissim orci. Duis interdum elit eu massa facilisis nullam. ",http://www.devtrac.ug/node/9433,http://www.devtrac.ug/sites/default/files/styles/gallery/adaptive-image/public/filefield/60/1937/img_1042.jpg?itok=kgEkNcPA,http://www.devtrac.ug/sites/default/files/styles/user_comment_img/adaptive-image/public/filefield/60/1937/img_1042.jpg?itok=gZvbQxS3
39,Site Visit at Moyo District HQ (PQA) ,Site Visit,Moyo,Infectious disease control,Jacob Opiyo,3/10/13,Moyo District HQ (PQA) ,Primary School,32.4985622,0.0930393,"Lorem ipsum dolor sit amet, consectetur adipiscing elit. Quisque varius tellus id mi dapibus vehicula vitae quis elit. Sed porttitor dolor consectetur elit egestas mollis. Curabitur non ante porttitor, pharetra metus eu, blandit neque. Curabitur eget rutrum sapien. Vestibulum blandit massa quis turpis laoreet, et ornare justo ornare. Etiam aliquet faucibus neque at ornare. Quisque vestibulum, erat in scelerisque ornare, ipsum quam elementum felis, sed congue elit urna sit amet mauris. Sed porta volutpat dui vitae accumsan. Nullam id dignissim orci. Duis interdum elit eu massa facilisis nullam. ",http://www.devtrac.ug/node/9433,http://www.devtrac.ug/sites/default/files/styles/gallery/adaptive-image/public/filefield/60/1937/img_1042.jpg?itok=kgEkNcPA,http://www.devtrac.ug/sites/default/files/styles/user_comment_img/adaptive-image/public/filefield/60/1937/img_1042.jpg?itok=gZvbQxS3
40,"Site Visit at LEOFRI HCIII ,Lefori Sub County (PQA Visit) ",Site Visit,Adjumani,Infectious disease control,Jacob Opiyo,3/10/13,"LEOFRI HCIII ,Lefori Sub County (PQA Visit) ",Primary School,32.5253215,0.3029585,"Lorem ipsum dolor sit amet, consectetur adipiscing elit. Quisque varius tellus id mi dapibus vehicula vitae quis elit. Sed porttitor dolor consectetur elit egestas mollis. Curabitur non ante porttitor, pharetra metus eu, blandit neque. Curabitur eget rutrum sapien. Vestibulum blandit massa quis turpis laoreet, et ornare justo ornare. Etiam aliquet faucibus neque at ornare. Quisque vestibulum, erat in scelerisque ornare, ipsum quam elementum felis, sed congue elit urna sit amet mauris. Sed porta volutpat dui vitae accumsan. Nullam id dignissim orci. Duis interdum elit eu massa facilisis nullam. ",http://www.devtrac.ug/node/9433,http://www.devtrac.ug/sites/default/files/styles/gallery/adaptive-image/public/filefield/60/1937/img_1042.jpg?itok=kgEkNcPA,http://www.devtrac.ug/sites/default/files/styles/user_comment_img/adaptive-image/public/filefield/60/1937/img_1042.jpg?itok=gZvbQxS3
41,Site Visit at Kigoloba ,Site Visit,Mubende,,David Matseketse,3/10/13,Kigoloba ,Borehole,32.5267129,0.11219,"Lorem ipsum dolor sit amet, consectetur adipiscing elit. Quisque varius tellus id mi dapibus vehicula vitae quis elit. Sed porttitor dolor consectetur elit egestas mollis. Curabitur non ante porttitor, pharetra metus eu, blandit neque. Curabitur eget rutrum sapien. Vestibulum blandit massa quis turpis laoreet, et ornare justo ornare. Etiam aliquet faucibus neque at ornare. Quisque vestibulum, erat in scelerisque ornare, ipsum quam elementum felis, sed congue elit urna sit amet mauris. Sed porta volutpat dui vitae accumsan. Nullam id dignissim orci. Duis interdum elit eu massa facilisis nullam. ",http://www.devtrac.ug/node/9433,http://www.devtrac.ug/sites/default/files/styles/gallery/adaptive-image/public/filefield/60/1937/img_1042.jpg?itok=kgEkNcPA,http://www.devtrac.ug/sites/default/files/styles/user_comment_img/adaptive-image/public/filefield/60/1937/img_1042.jpg?itok=gZvbQxS3
42,Site Visit at Mubende District Local government ,Site Visit,Mubende,"Basic nutrition, Infectious disease control",David Matseketse,3/10/13,Mubende District Local government ,Borehole,32.5298919,0.1162689,"Lorem ipsum dolor sit amet, consectetur adipiscing elit. Quisque varius tellus id mi dapibus vehicula vitae quis elit. Sed porttitor dolor consectetur elit egestas mollis. Curabitur non ante porttitor, pharetra metus eu, blandit neque. Curabitur eget rutrum sapien. Vestibulum blandit massa quis turpis laoreet, et ornare justo ornare. Etiam aliquet faucibus neque at ornare. Quisque vestibulum, erat in scelerisque ornare, ipsum quam elementum felis, sed congue elit urna sit amet mauris. Sed porta volutpat dui vitae accumsan. Nullam id dignissim orci. Duis interdum elit eu massa facilisis nullam. ",http://www.devtrac.ug/node/9433,http://www.devtrac.ug/sites/default/files/styles/gallery/adaptive-image/public/filefield/60/1937/img_1042.jpg?itok=kgEkNcPA,http://www.devtrac.ug/sites/default/files/styles/user_comment_img/adaptive-image/public/filefield/60/1937/img_1042.jpg?itok=gZvbQxS3
43,"Site Visit at Olugofe Mosque, Apo Sub County, (FHDs Monitoring) ",Site Visit,Yumbe,Infectious disease control,Jacob Opiyo,2/10/13,"Olugofe Mosque, Apo Sub County, (FHDs Monitoring) ",Primary School,32.5413826,0.1417575,"Lorem ipsum dolor sit amet, consectetur adipiscing elit. Quisque varius tellus id mi dapibus vehicula vitae quis elit. Sed porttitor dolor consectetur elit egestas mollis. Curabitur non ante porttitor, pharetra metus eu, blandit neque. Curabitur eget rutrum sapien. Vestibulum blandit massa quis turpis laoreet, et ornare justo ornare. Etiam aliquet faucibus neque at ornare. Quisque vestibulum, erat in scelerisque ornare, ipsum quam elementum felis, sed congue elit urna sit amet mauris. Sed porta volutpat dui vitae accumsan. Nullam id dignissim orci. Duis interdum elit eu massa facilisis nullam. ",http://www.devtrac.ug/node/9433,http://www.devtrac.ug/sites/default/files/styles/gallery/adaptive-image/public/filefield/60/1937/img_1042.jpg?itok=kgEkNcPA,http://www.devtrac.ug/sites/default/files/styles/user_comment_img/adaptive-image/public/filefield/60/1937/img_1042.jpg?itok=gZvbQxS3
44,"Site Visit at Pakele HCIII, Pakele nSub County (PQA) ",Site Visit,Adjumani,Infectious disease control,Jacob Opiyo,2/10/13,"Pakele HCIII, Pakele nSub County (PQA) ",Primary School,32.5419797,0.211752,"Lorem ipsum dolor sit amet, consectetur adipiscing elit. Quisque varius tellus id mi dapibus vehicula vitae quis elit. Sed porttitor dolor consectetur elit egestas mollis. Curabitur non ante porttitor, pharetra metus eu, blandit neque. Curabitur eget rutrum sapien. Vestibulum blandit massa quis turpis laoreet, et ornare justo ornare. Etiam aliquet faucibus neque at ornare. Quisque vestibulum, erat in scelerisque ornare, ipsum quam elementum felis, sed congue elit urna sit amet mauris. Sed porta volutpat dui vitae accumsan. Nullam id dignissim orci. Duis interdum elit eu massa facilisis nullam. ",http://www.devtrac.ug/node/9433,http://www.devtrac.ug/sites/default/files/styles/gallery/adaptive-image/public/filefield/60/1937/img_1042.jpg?itok=kgEkNcPA,http://www.devtrac.ug/sites/default/files/styles/user_comment_img/adaptive-image/public/filefield/60/1937/img_1042.jpg?itok=gZvbQxS3
45,Site Visit at District HQ (PQA) ,Site Visit,Adjumani,Infectious disease control,Jacob Opiyo,2/10/13,District HQ (PQA) ,Primary School,32.5445109,0.218493,"Lorem ipsum dolor sit amet, consectetur adipiscing elit. Quisque varius tellus id mi dapibus vehicula vitae quis elit. Sed porttitor dolor consectetur elit egestas mollis. Curabitur non ante porttitor, pharetra metus eu, blandit neque. Curabitur eget rutrum sapien. Vestibulum blandit massa quis turpis laoreet, et ornare justo ornare. Etiam aliquet faucibus neque at ornare. Quisque vestibulum, erat in scelerisque ornare, ipsum quam elementum felis, sed congue elit urna sit amet mauris. Sed porta volutpat dui vitae accumsan. Nullam id dignissim orci. Duis interdum elit eu massa facilisis nullam. ",http://www.devtrac.ug/node/9433,http://www.devtrac.ug/sites/default/files/styles/gallery/adaptive-image/public/filefield/60/1937/img_1042.jpg?itok=kgEkNcPA,http://www.devtrac.ug/sites/default/files/styles/user_comment_img/adaptive-image/public/filefield/60/1937/img_1042.jpg?itok=gZvbQxS3
46,"Site Visit at Robidire HCIII, Pacharn Sub County (PQA) ",Site Visit,Adjumani,Infectious disease control,Jacob Opiyo,2/10/13,"Robidire HCIII, Pacharn Sub County (PQA) ",Primary School,32.5483108,0.3352083,"Lorem ipsum dolor sit amet, consectetur adipiscing elit. Quisque varius tellus id mi dapibus vehicula vitae quis elit. Sed porttitor dolor consectetur elit egestas mollis. Curabitur non ante porttitor, pharetra metus eu, blandit neque. Curabitur eget rutrum sapien. Vestibulum blandit massa quis turpis laoreet, et ornare justo ornare. Etiam aliquet faucibus neque at ornare. Quisque vestibulum, erat in scelerisque ornare, ipsum quam elementum felis, sed congue elit urna sit amet mauris. Sed porta volutpat dui vitae accumsan. Nullam id dignissim orci. Duis interdum elit eu massa facilisis nullam. ",http://www.devtrac.ug/node/9433,http://www.devtrac.ug/sites/default/files/styles/gallery/adaptive-image/public/filefield/60/1937/img_1042.jpg?itok=kgEkNcPA,http://www.devtrac.ug/sites/default/files/styles/user_comment_img/adaptive-image/public/filefield/60/1937/img_1042.jpg?itok=gZvbQxS3